"Submission Date","0 - Nulis","1 - Vienas","2 - Du","3 - Trys","4 - Keturi","5 - Penki","6 - Šeši","7 - Septyni","8 - Aštuoni","9 - Devyni",Vardas
"Sep 14, 2023",https://eu.jotform.com/widget-uploads/voiceRecorder/232493385305054/6502eab41cc30_16946899726502eab421e00.wav,https://eu.jotform.com/widget-uploads/voiceRecorder/232493385305054/6502eabdcf634_16946899816502eabdd4652.wav,https://eu.jotform.com/widget-uploads/voiceRecorder/232493385305054/6502eac4296e5_16946899886502eac42f8b6.wav,https://eu.jotform.com/widget-uploads/voiceRecorder/232493385305054/6502eacb8801f_16946899956502eacb8cea8.wav,https://eu.jotform.com/widget-uploads/voiceRecorder/232493385305054/6502ead2691bf_16946900026502ead26e3d4.wav,https://eu.jotform.com/widget-uploads/voiceRecorder/232493385305054/6502ead8f0697_16946900086502ead9019b3.wav,https://eu.jotform.com/widget-uploads/voiceRecorder/232493385305054/6502eadf34698_16946900156502eadf39938.wav,https://eu.jotform.com/widget-uploads/voiceRecorder/232493385305054/6502eae6c344a_16946900226502eae6c8b1d.wav,https://eu.jotform.com/widget-uploads/voiceRecorder/232493385305054/6502eaeda22e8_16946900296502eaeda7952.wav,https://eu.jotform.com/widget-uploads/voiceRecorder/232493385305054/6502eaf4373b6_16946900366502eaf43bea2.wav,Aiste_1
"Sep 14, 2023",https://eu.jotform.com/widget-uploads/voiceRecorder/232493385305054/6502ea1445a0a_16946898126502ea144ac93.wav,https://eu.jotform.com/widget-uploads/voiceRecorder/232493385305054/6502ea258effe_16946898296502ea25943ec.wav,https://eu.jotform.com/widget-uploads/voiceRecorder/232493385305054/6502ea2f1c082_16946898396502ea2f21316.wav,https://eu.jotform.com/widget-uploads/voiceRecorder/232493385305054/6502ea3731bfe_16946898476502ea3737fc6.wav,https://eu.jotform.com/widget-uploads/voiceRecorder/232493385305054/6502ea3f430d0_16946898556502ea3f47d1e.wav,https://eu.jotform.com/widget-uploads/voiceRecorder/232493385305054/6502ea47d6278_16946898636502ea47db0f7.wav,https://eu.jotform.com/widget-uploads/voiceRecorder/232493385305054/6502ea505f0a1_16946898726502ea506461b.wav,https://eu.jotform.com/widget-uploads/voiceRecorder/232493385305054/6502ea5873037_16946898806502ea5877e72.wav,https://eu.jotform.com/widget-uploads/voiceRecorder/232493385305054/6502ea60d407e_16946898886502ea60d942c.wav,https://eu.jotform.com/widget-uploads/voiceRecorder/232493385305054/6502ea68843c4_16946898966502ea68893ef.wav,Aiste_2
"Sep 14, 2023",https://eu.jotform.com/widget-uploads/voiceRecorder/232493385305054/6502e67962d56_16946888896502e67968033.wav,https://eu.jotform.com/widget-uploads/voiceRecorder/232493385305054/6502e67cbf17b_16946888926502e67cc4492.wav,https://eu.jotform.com/widget-uploads/voiceRecorder/232493385305054/6502e67f6af94_16946888956502e67f6fc96.wav,https://eu.jotform.com/widget-uploads/voiceRecorder/232493385305054/6502e680c7dd1_16946888966502e680cc6ff.wav,https://eu.jotform.com/widget-uploads/voiceRecorder/232493385305054/6502e683deb1f_16946888996502e683e49f6.wav,https://eu.jotform.com/widget-uploads/voiceRecorder/232493385305054/6502e686f1c1f_16946889026502e687028bc.wav,https://eu.jotform.com/widget-uploads/voiceRecorder/232493385305054/6502e68a8fe0b_16946889066502e68a95622.wav,https://eu.jotform.com/widget-uploads/voiceRecorder/232493385305054/6502e68e28ac9_16946889106502e68e2df6e.wav,https://eu.jotform.com/widget-uploads/voiceRecorder/232493385305054/6502e69207367_16946889146502e6920c0eb.wav,https://eu.jotform.com/widget-uploads/voiceRecorder/232493385305054/6502e695b70be_16946889176502e695bc0e1.wav,Ziede_1
"Sep 14, 2023",https://eu.jotform.com/widget-uploads/voiceRecorder/232493385305054/6502e665b10ca_16946888696502e665b60f5.wav,https://eu.jotform.com/widget-uploads/voiceRecorder/232493385305054/6502e66938e87_16946888736502e66940556.wav,https://eu.jotform.com/widget-uploads/voiceRecorder/232493385305054/6502e66c00dc0_16946888766502e66c0612f.wav,https://eu.jotform.com/widget-uploads/voiceRecorder/232493385305054/6502e66eb7007_16946888786502e66ebc2a8.wav,https://eu.jotform.com/widget-uploads/voiceRecorder/232493385305054/6502e671e4762_16946888816502e671e9973.wav,https://eu.jotform.com/widget-uploads/voiceRecorder/232493385305054/6502e67581b40_16946888856502e67586e9b.wav,https://eu.jotform.com/widget-uploads/voiceRecorder/232493385305054/6502e678eb826_16946888886502e678f110f.wav,https://eu.jotform.com/widget-uploads/voiceRecorder/232493385305054/6502e67cc9071_16946888926502e67ccdb6b.wav,https://eu.jotform.com/widget-uploads/voiceRecorder/232493385305054/6502e68053404_16946888966502e680580bc.wav,https://eu.jotform.com/widget-uploads/voiceRecorder/232493385305054/6502e684874f5_16946889006502e6848d288.wav,Paulius_1
"Sep 14, 2023",https://eu.jotform.com/widget-uploads/voiceRecorder/232493385305054/6502e64c1350e_16946888446502e64c185f6.wav,https://eu.jotform.com/widget-uploads/voiceRecorder/232493385305054/6502e6502f7ce_16946888486502e65034958.wav,https://eu.jotform.com/widget-uploads/voiceRecorder/232493385305054/6502e653a16ad_16946888516502e653a6a60.wav,https://eu.jotform.com/widget-uploads/voiceRecorder/232493385305054/6502e656921c7_16946888546502e65697838.wav,https://eu.jotform.com/widget-uploads/voiceRecorder/232493385305054/6502e659bf144_16946888576502e659c5946.wav,https://eu.jotform.com/widget-uploads/voiceRecorder/232493385305054/6502e65d4ef35_16946888616502e65d54118.wav,https://eu.jotform.com/widget-uploads/voiceRecorder/232493385305054/6502e6627e577_16946888666502e66283df5.wav,https://eu.jotform.com/widget-uploads/voiceRecorder/232493385305054/6502e6667bfa3_16946888706502e66681688.wav,https://eu.jotform.com/widget-uploads/voiceRecorder/232493385305054/6502e66bc223e_16946888756502e66bc806f.wav,https://eu.jotform.com/widget-uploads/voiceRecorder/232493385305054/6502e66fdb022_16946888796502e66fe1163.wav,Ziede_2
"Sep 14, 2023",https://eu.jotform.com/widget-uploads/voiceRecorder/232493385305054/6502e46873137_16946883606502e46878c1f.wav,https://eu.jotform.com/widget-uploads/voiceRecorder/232493385305054/6502e47fc2017_16946883836502e47fc6e57.wav,https://eu.jotform.com/widget-uploads/voiceRecorder/232493385305054/6502e48709149_16946883916502e4870fbc9.wav,https://eu.jotform.com/widget-uploads/voiceRecorder/232493385305054/6502e490c2ba4_16946884006502e490c7b9a.wav,https://eu.jotform.com/widget-uploads/voiceRecorder/232493385305054/6502e49b6f6c7_16946884116502e49b75678.wav,https://eu.jotform.com/widget-uploads/voiceRecorder/232493385305054/6502e4a450adf_16946884206502e4a4560ed.wav,https://eu.jotform.com/widget-uploads/voiceRecorder/232493385305054/6502e4ac65ad7_16946884286502e4ac6ad43.wav,https://eu.jotform.com/widget-uploads/voiceRecorder/232493385305054/6502e4b5a2f5a_16946884376502e4b5a8026.wav,https://eu.jotform.com/widget-uploads/voiceRecorder/232493385305054/6502e4bf157dc_16946884476502e4bf1b66c.wav,https://eu.jotform.com/widget-uploads/voiceRecorder/232493385305054/6502e4c708de8_16946884556502e4c70dcb4.wav,Dominyka_1
"Sep 14, 2023",https://eu.jotform.com/widget-uploads/voiceRecorder/232493385305054/6502e3f10ce04_16946882416502e3f112533.wav,https://eu.jotform.com/widget-uploads/voiceRecorder/232493385305054/6502e3ff2daf5_16946882556502e3ff3368b.wav,https://eu.jotform.com/widget-uploads/voiceRecorder/232493385305054/6502e405ce2c4_16946882616502e405d36ae.wav,https://eu.jotform.com/widget-uploads/voiceRecorder/232493385305054/6502e412b6a37_16946882746502e412bbcb5.wav,https://eu.jotform.com/widget-uploads/voiceRecorder/232493385305054/6502e42618750_16946882946502e4261d8bf.wav,https://eu.jotform.com/widget-uploads/voiceRecorder/232493385305054/6502e43085514_16946883046502e4308a21f.wav,https://eu.jotform.com/widget-uploads/voiceRecorder/232493385305054/6502e43885c05_16946883126502e4388acc6.wav,https://eu.jotform.com/widget-uploads/voiceRecorder/232493385305054/6502e4401b470_16946883206502e440210b7.wav,https://eu.jotform.com/widget-uploads/voiceRecorder/232493385305054/6502e4499ac7e_16946883296502e4499f894.wav,https://eu.jotform.com/widget-uploads/voiceRecorder/232493385305054/6502e45091472_16946883366502e4509720e.wav,Dominyka_2
"Sep 14, 2023",https://eu.jotform.com/widget-uploads/voiceRecorder/232493385305054/6502e3adef1b1_16946881736502e3adf41f7.wav,https://eu.jotform.com/widget-uploads/voiceRecorder/232493385305054/6502e3b006cba_16946881766502e3b00d7b8.wav,https://eu.jotform.com/widget-uploads/voiceRecorder/232493385305054/6502e3b21e893_16946881786502e3b22500a.wav,https://eu.jotform.com/widget-uploads/voiceRecorder/232493385305054/6502e3b44ae72_16946881806502e3b44fb21.wav,https://eu.jotform.com/widget-uploads/voiceRecorder/232493385305054/6502e3b7104af_16946881836502e3b715288.wav,https://eu.jotform.com/widget-uploads/voiceRecorder/232493385305054/6502e3b8eef40_16946881846502e3b900660.wav,https://eu.jotform.com/widget-uploads/voiceRecorder/232493385305054/6502e3bb6796d_16946881876502e3bb6cc81.wav,https://eu.jotform.com/widget-uploads/voiceRecorder/232493385305054/6502e3bd7feba_16946881896502e3bd85132.wav,https://eu.jotform.com/widget-uploads/voiceRecorder/232493385305054/6502e3bf9beff_16946881916502e3bfa1a3d.wav,https://eu.jotform.com/widget-uploads/voiceRecorder/232493385305054/6502e3c213a54_16946881946502e3c2199b0.wav,VytasM_2
"Sep 14, 2023",https://eu.jotform.com/widget-uploads/voiceRecorder/232493385305054/6502e36a66ac1_16946881066502e36a6bcca.wav,https://eu.jotform.com/widget-uploads/voiceRecorder/232493385305054/6502e370eee7c_16946881126502e371019b7.wav,https://eu.jotform.com/widget-uploads/voiceRecorder/232493385305054/6502e37492722_16946881166502e37497c05.wav,https://eu.jotform.com/widget-uploads/voiceRecorder/232493385305054/6502e377c34ab_16946881196502e377c8ee9.wav,https://eu.jotform.com/widget-uploads/voiceRecorder/232493385305054/6502e37b1d35f_16946881236502e37b22504.wav,https://eu.jotform.com/widget-uploads/voiceRecorder/232493385305054/6502e37e024db_16946881266502e37e08805.wav,https://eu.jotform.com/widget-uploads/voiceRecorder/232493385305054/6502e3809529c_16946881286502e3809a41d.wav,https://eu.jotform.com/widget-uploads/voiceRecorder/232493385305054/6502e383e304d_16946881316502e383e926c.wav,https://eu.jotform.com/widget-uploads/voiceRecorder/232493385305054/6502e386d0351_16946881346502e386d5859.wav,https://eu.jotform.com/widget-uploads/voiceRecorder/232493385305054/6502e3899509c_16946881376502e3899a38b.wav,VytasM_1
"Sep 14, 2023",https://eu.jotform.com/widget-uploads/voiceRecorder/232493385305054/6502e30e70484_16946880146502e30e76c6c.wav,https://eu.jotform.com/widget-uploads/voiceRecorder/232493385305054/6502e3118bedc_16946880176502e31192364.wav,https://eu.jotform.com/widget-uploads/voiceRecorder/232493385305054/6502e314812e2_16946880206502e3148723d.wav,https://eu.jotform.com/widget-uploads/voiceRecorder/232493385305054/6502e317cb626_16946880236502e317d173a.wav,https://eu.jotform.com/widget-uploads/voiceRecorder/232493385305054/6502e31b65526_16946880276502e31b6a2aa.wav,https://eu.jotform.com/widget-uploads/voiceRecorder/232493385305054/6502e31e64f22_16946880306502e31e6ab9f.wav,https://eu.jotform.com/widget-uploads/voiceRecorder/232493385305054/6502e32109e9e_16946880336502e3210ff00.wav,https://eu.jotform.com/widget-uploads/voiceRecorder/232493385305054/6502e324210d8_16946880366502e3242728a.wav,https://eu.jotform.com/widget-uploads/voiceRecorder/232493385305054/6502e326d9006_16946880386502e326dded7.wav,https://eu.jotform.com/widget-uploads/voiceRecorder/232493385305054/6502e32983aac_16946880416502e32988c38.wav,Robertas_1
"Sep 14, 2023",https://eu.jotform.com/widget-uploads/voiceRecorder/232493385305054/6502e2e2b107d_16946879706502e2e2b6bc9.wav,https://eu.jotform.com/widget-uploads/voiceRecorder/232493385305054/6502e2e648ff1_16946879746502e2e64e511.wav,https://eu.jotform.com/widget-uploads/voiceRecorder/232493385305054/6502e2e9432ca_16946879776502e2e94879c.wav,https://eu.jotform.com/widget-uploads/voiceRecorder/232493385305054/6502e2ec311d2_16946879806502e2ec386e4.wav,https://eu.jotform.com/widget-uploads/voiceRecorder/232493385305054/6502e2ef072fa_16946879836502e2ef0c199.wav,https://eu.jotform.com/widget-uploads/voiceRecorder/232493385305054/6502e2f1e18ac_16946879856502e2f1e6764.wav,https://eu.jotform.com/widget-uploads/voiceRecorder/232493385305054/6502e2f4e9bdd_16946879886502e2f4ee91f.wav,https://eu.jotform.com/widget-uploads/voiceRecorder/232493385305054/6502e2f7c362f_16946879916502e2f7c80f2.wav,https://eu.jotform.com/widget-uploads/voiceRecorder/232493385305054/6502e2fa7964b_16946879946502e2fa7e363.wav,https://eu.jotform.com/widget-uploads/voiceRecorder/232493385305054/6502e2fd78b07_16946879976502e2fd7e1fd.wav,Robertas_2
"Sep 14, 2023",https://eu.jotform.com/widget-uploads/voiceRecorder/232493385305054/6502dce7d4176_16946864396502dce861da3.wav,https://eu.jotform.com/widget-uploads/voiceRecorder/232493385305054/6502dceb8d16b_16946864436502dcec1abbc.wav,https://eu.jotform.com/widget-uploads/voiceRecorder/232493385305054/6502dcef407a5_16946864476502dcefc1fd8.wav,https://eu.jotform.com/widget-uploads/voiceRecorder/232493385305054/6502dcf303224_16946864516502dcf384d1e.wav,https://eu.jotform.com/widget-uploads/voiceRecorder/232493385305054/6502dcf71bff5_16946864556502dcf7a40fb.wav,https://eu.jotform.com/widget-uploads/voiceRecorder/232493385305054/6502dcfb8cdee_16946864596502dcfc20346.wav,https://eu.jotform.com/widget-uploads/voiceRecorder/232493385305054/6502dcffaa394_16946864636502dd003ed74.wav,https://eu.jotform.com/widget-uploads/voiceRecorder/232493385305054/6502dd0400939_16946864686502dd0489668.wav,https://eu.jotform.com/widget-uploads/voiceRecorder/232493385305054/6502dd08477ba_16946864726502dd08ccac3.wav,https://eu.jotform.com/widget-uploads/voiceRecorder/232493385305054/6502dd0c8fb1e_16946864766502dd0cc518d.wav,Jokubas_1
"Sep 14, 2023",https://eu.jotform.com/widget-uploads/voiceRecorder/232493385305054/6502dcb125fb7_16946863856502dcb12b8cc.wav,https://eu.jotform.com/widget-uploads/voiceRecorder/232493385305054/6502dcb415c5a_16946863886502dcb41affe.wav,https://eu.jotform.com/widget-uploads/voiceRecorder/232493385305054/6502dcb6c5295_16946863906502dcb6c9f87.wav,https://eu.jotform.com/widget-uploads/voiceRecorder/232493385305054/6502dcb97ba2a_16946863936502dcb980c06.wav,https://eu.jotform.com/widget-uploads/voiceRecorder/232493385305054/6502dcbc0c091_16946863966502dcbc10af5.wav,https://eu.jotform.com/widget-uploads/voiceRecorder/232493385305054/6502dcbeb47c4_16946863986502dcbeb98cf.wav,https://eu.jotform.com/widget-uploads/voiceRecorder/232493385305054/6502dcc177862_16946864016502dcc17c77d.wav,https://eu.jotform.com/widget-uploads/voiceRecorder/232493385305054/6502dcc4474c3_16946864046502dcc44bfaf.wav,https://eu.jotform.com/widget-uploads/voiceRecorder/232493385305054/6502dcc6e0962_16946864066502dcc6e5b04.wav,https://eu.jotform.com/widget-uploads/voiceRecorder/232493385305054/6502dcc9912e8_16946864096502dcc996cf0.wav,Jokubas_2
"Sep 14, 2023",https://eu.jotform.com/widget-uploads/voiceRecorder/232493385305054/6502dc528577d_16946862906502dc528a7bb.wav,https://eu.jotform.com/widget-uploads/voiceRecorder/232493385305054/6502dc557a147_16946862936502dc557f370.wav,https://eu.jotform.com/widget-uploads/voiceRecorder/232493385305054/6502dc5862c59_16946862966502dc5867d0b.wav,https://eu.jotform.com/widget-uploads/voiceRecorder/232493385305054/6502dc5b50b26_16946862996502dc5b55c4b.wav,https://eu.jotform.com/widget-uploads/voiceRecorder/232493385305054/6502dc5e33ff1_16946863026502dc5e38fbb.wav,https://eu.jotform.com/widget-uploads/voiceRecorder/232493385305054/6502dc60e232b_16946863046502dc60e8aef.wav,https://eu.jotform.com/widget-uploads/voiceRecorder/232493385305054/6502dc638e660_16946863076502dc6393ac7.wav,https://eu.jotform.com/widget-uploads/voiceRecorder/232493385305054/6502dc66764a9_16946863106502dc667b87e.wav,https://eu.jotform.com/widget-uploads/voiceRecorder/232493385305054/6502dc694d315_16946863136502dc69534cd.wav,https://eu.jotform.com/widget-uploads/voiceRecorder/232493385305054/6502dc6c8d4d7_16946863166502dc6c93cb9.wav,Jokubas_3
"Sep 14, 2023",https://eu.jotform.com/widget-uploads/voiceRecorder/232493385305054/6502dc1b0274c_16946862356502dc1b09178.wav,https://eu.jotform.com/widget-uploads/voiceRecorder/232493385305054/6502dc1e2567c_16946862386502dc1e2a815.wav,https://eu.jotform.com/widget-uploads/voiceRecorder/232493385305054/6502dc2109395_16946862416502dc210f117.wav,https://eu.jotform.com/widget-uploads/voiceRecorder/232493385305054/6502dc23c5913_16946862436502dc23cb62a.wav,https://eu.jotform.com/widget-uploads/voiceRecorder/232493385305054/6502dc26cfced_16946862466502dc26d5df0.wav,https://eu.jotform.com/widget-uploads/voiceRecorder/232493385305054/6502dc29a4b72_16946862496502dc29aae72.wav,https://eu.jotform.com/widget-uploads/voiceRecorder/232493385305054/6502dc2c8ee90_16946862526502dc2c93f5d.wav,https://eu.jotform.com/widget-uploads/voiceRecorder/232493385305054/6502dc2fd56d1_16946862556502dc2fdb11c.wav,https://eu.jotform.com/widget-uploads/voiceRecorder/232493385305054/6502dc32bce6d_16946862586502dc32c1e28.wav,https://eu.jotform.com/widget-uploads/voiceRecorder/232493385305054/6502dc35a1f33_16946862616502dc35a6bef.wav,Jokubas_4
"Sep 14, 2023",https://eu.jotform.com/widget-uploads/voiceRecorder/232493385305054/6502dbe3875a0_16946861796502dbe38c2ca.wav,https://eu.jotform.com/widget-uploads/voiceRecorder/232493385305054/6502dbe6cb41e_16946861826502dbe6d1125.wav,https://eu.jotform.com/widget-uploads/voiceRecorder/232493385305054/6502dbe993b40_16946861856502dbe9989a6.wav,https://eu.jotform.com/widget-uploads/voiceRecorder/232493385305054/6502dbec4a1fa_16946861886502dbec4f6c3.wav,https://eu.jotform.com/widget-uploads/voiceRecorder/232493385305054/6502dbef2f95c_16946861916502dbef343ac.wav,https://eu.jotform.com/widget-uploads/voiceRecorder/232493385305054/6502dbf215449_16946861946502dbf21ab6a.wav,https://eu.jotform.com/widget-uploads/voiceRecorder/232493385305054/6502dbf53bc1a_16946861976502dbf54108f.wav,https://eu.jotform.com/widget-uploads/voiceRecorder/232493385305054/6502dbf87bf22_16946862006502dbf8811ae.wav,https://eu.jotform.com/widget-uploads/voiceRecorder/232493385305054/6502dbfb6b411_16946862036502dbfb704f2.wav,https://eu.jotform.com/widget-uploads/voiceRecorder/232493385305054/6502dbfe9960d_16946862066502dbfe9f71e.wav,Jokubas_5
"Sep 14, 2023",https://eu.jotform.com/widget-uploads/voiceRecorder/232493385305054/6502db966bf26_16946861026502db9670f54.wav,https://eu.jotform.com/widget-uploads/voiceRecorder/232493385305054/6502db9c72193_16946861086502db9c76e9d.wav,https://eu.jotform.com/widget-uploads/voiceRecorder/232493385305054/6502dba168cf6_16946861136502dba16d8fc.wav,https://eu.jotform.com/widget-uploads/voiceRecorder/232493385305054/6502dba476628_16946861166502dba47c12d.wav,https://eu.jotform.com/widget-uploads/voiceRecorder/232493385305054/6502dba75276c_16946861196502dba75788a.wav,https://eu.jotform.com/widget-uploads/voiceRecorder/232493385305054/6502dbaa6660c_16946861226502dbaa6cb68.wav,https://eu.jotform.com/widget-uploads/voiceRecorder/232493385305054/6502dbada8b79_16946861256502dbadad8d6.wav,https://eu.jotform.com/widget-uploads/voiceRecorder/232493385305054/6502dbb0ed9d0_16946861286502dbb0f2c81.wav,https://eu.jotform.com/widget-uploads/voiceRecorder/232493385305054/6502dbb441d72_16946861326502dbb446b61.wav,https://eu.jotform.com/widget-uploads/voiceRecorder/232493385305054/6502dbb7affb2_16946861356502dbb7b507b.wav,Jokubas_6
"Sep 13, 2023",https://eu.jotform.com/widget-uploads/voiceRecorder/232493385305054/65020e88266df_169463360865020e882ca49.wav,https://eu.jotform.com/widget-uploads/voiceRecorder/232493385305054/65020ea9b8b27_169463364165020ea9be412.wav,https://eu.jotform.com/widget-uploads/voiceRecorder/232493385305054/65020efe2b5e5_169463372665020efe3104a.wav,https://eu.jotform.com/widget-uploads/voiceRecorder/232493385305054/65020f103b522_169463374465020f1040b6b.wav,https://eu.jotform.com/widget-uploads/voiceRecorder/232493385305054/65020f31b6cbf_169463377765020f31bbb66.wav,https://eu.jotform.com/widget-uploads/voiceRecorder/232493385305054/65020f508dc7a_169463380865020f5092e5f.wav,https://eu.jotform.com/widget-uploads/voiceRecorder/232493385305054/65020f74dc662_169463384465020f74e15bd.wav,https://eu.jotform.com/widget-uploads/voiceRecorder/232493385305054/65020f8ebc7c2_169463387065020f8ec163c.wav,https://eu.jotform.com/widget-uploads/voiceRecorder/232493385305054/65020f9e45b6d_169463388665020f9e4a907.wav,https://eu.jotform.com/widget-uploads/voiceRecorder/232493385305054/65020fab40351_169463389965020fab452fb.wav,Aurimas_1
"Sep 13, 2023",https://eu.jotform.com/widget-uploads/voiceRecorder/232493385305054/65020eb235406_169463365065020eb23b99d.wav,https://eu.jotform.com/widget-uploads/voiceRecorder/232493385305054/65020ebc63a4d_169463366065020ebc69dd9.wav,https://eu.jotform.com/widget-uploads/voiceRecorder/232493385305054/65020e796b488_169463359365020e7971ce0.wav,https://eu.jotform.com/widget-uploads/voiceRecorder/232493385305054/65020e80d42df_169463360065020e80da41e.wav,https://eu.jotform.com/widget-uploads/voiceRecorder/232493385305054/65020e87dce30_169463360765020e87e42af.wav,https://eu.jotform.com/widget-uploads/voiceRecorder/232493385305054/65020e8ebbe02_169463361465020e8ec1f64.wav,https://eu.jotform.com/widget-uploads/voiceRecorder/232493385305054/65020e957cad2_169463362165020e9582005.wav,https://eu.jotform.com/widget-uploads/voiceRecorder/232493385305054/65020e9bb0b85_169463362765020e9bb6735.wav,https://eu.jotform.com/widget-uploads/voiceRecorder/232493385305054/65020ea2a3368_169463363465020ea2a8a96.wav,https://eu.jotform.com/widget-uploads/voiceRecorder/232493385305054/65020ea9cf605_169463364165020ea9d4502.wav,Matas_1
"Sep 13, 2023",https://eu.jotform.com/widget-uploads/voiceRecorder/232493385305054/65020972a4d61_169463230665020972aa0d7.wav,https://eu.jotform.com/widget-uploads/voiceRecorder/232493385305054/650209781ee74_16946323126502097824190.wav,https://eu.jotform.com/widget-uploads/voiceRecorder/232493385305054/6502097d203a2_16946323176502097d255cf.wav,https://eu.jotform.com/widget-uploads/voiceRecorder/232493385305054/650209815f2ea_169463232165020981647f5.wav,https://eu.jotform.com/widget-uploads/voiceRecorder/232493385305054/6502098584348_16946323256502098589e7b.wav,https://eu.jotform.com/widget-uploads/voiceRecorder/232493385305054/6502098993f0d_16946323296502098999f59.wav,https://eu.jotform.com/widget-uploads/voiceRecorder/232493385305054/6502098e0d9bf_16946323346502098e12e91.wav,https://eu.jotform.com/widget-uploads/voiceRecorder/232493385305054/65020991f2390_169463233765020992039f7.wav,https://eu.jotform.com/widget-uploads/voiceRecorder/232493385305054/650209967538d_1694632342650209967ae3d.wav,https://eu.jotform.com/widget-uploads/voiceRecorder/232493385305054/6502099a62a60_16946323466502099a67af7.wav,Linas_1
"Sep 13, 2023",https://eu.jotform.com/widget-uploads/voiceRecorder/232493385305054/6501f8526a32f_16946279226501f8526fa96.wav,https://eu.jotform.com/widget-uploads/voiceRecorder/232493385305054/6501f84d73760_16946279176501f84d78625.wav,https://eu.jotform.com/widget-uploads/voiceRecorder/232493385305054/6501f8396020a_16946278976501f83965083.wav,https://eu.jotform.com/widget-uploads/voiceRecorder/232493385305054/6501f82c3c910_16946278846501f82c4282c.wav,https://eu.jotform.com/widget-uploads/voiceRecorder/232493385305054/6501f8215ec66_16946278736501f82164f2b.wav,https://eu.jotform.com/widget-uploads/voiceRecorder/232493385305054/6501f7e2bceed_16946278106501f7e2c35ea.wav,https://eu.jotform.com/widget-uploads/voiceRecorder/232493385305054/6501f7e726442_16946278156501f7e72becd.wav,https://eu.jotform.com/widget-uploads/voiceRecorder/232493385305054/6501f7ebcf2f3_16946278196501f7ebd5321.wav,https://eu.jotform.com/widget-uploads/voiceRecorder/232493385305054/6501f7f0a6874_16946278246501f7f0abc98.wav,https://eu.jotform.com/widget-uploads/voiceRecorder/232493385305054/6501f7f615fc4_16946278306501f7f61c733.wav,martynas_1
"Sep 13, 2023",https://eu.jotform.com/widget-uploads/voiceRecorder/232493385305054/6501e63c418c7_16946232926501e63c47f65.wav,https://eu.jotform.com/widget-uploads/voiceRecorder/232493385305054/6501e67194f34_16946233456501e6719aac0.wav,https://eu.jotform.com/widget-uploads/voiceRecorder/232493385305054/6501e6989141a_16946233846501e6989725b.wav,https://eu.jotform.com/widget-uploads/voiceRecorder/232493385305054/6501e6e76cce7_16946234636501e6e7729de.wav,https://eu.jotform.com/widget-uploads/voiceRecorder/232493385305054/6501e712bd58b_16946235066501e712c55f0.wav,https://eu.jotform.com/widget-uploads/voiceRecorder/232493385305054/6501e74621918_16946235586501e746283e8.wav,https://eu.jotform.com/widget-uploads/voiceRecorder/232493385305054/6501e77628588_16946236066501e7762dfa1.wav,https://eu.jotform.com/widget-uploads/voiceRecorder/232493385305054/6501e7a5d96a8_16946236536501e7a5df25f.wav,https://eu.jotform.com/widget-uploads/voiceRecorder/232493385305054/6501f1a869fcc_16946262166501f1a8707b8.wav,https://eu.jotform.com/widget-uploads/voiceRecorder/232493385305054/6501f2095ddf0_16946263136501f209662e0.wav,Eimantas_1
"Sep 13, 2023",https://eu.jotform.com/widget-uploads/voiceRecorder/232493385305054/6501d03f94ee7_16946176636501d03f9a879.wav,https://eu.jotform.com/widget-uploads/voiceRecorder/232493385305054/6501d0052f21e_16946176056501d00534a8a.wav,https://eu.jotform.com/widget-uploads/voiceRecorder/232493385305054/6501d007ba2d8_16946176076501d007bf72f.wav,https://eu.jotform.com/widget-uploads/voiceRecorder/232493385305054/6501d00ad0a67_16946176106501d00ad5c31.wav,https://eu.jotform.com/widget-uploads/voiceRecorder/232493385305054/6501d00ddd23b_16946176136501d00de21b8.wav,https://eu.jotform.com/widget-uploads/voiceRecorder/232493385305054/6501d010945df_16946176166501d0109948e.wav,https://eu.jotform.com/widget-uploads/voiceRecorder/232493385305054/6501d013b2745_16946176196501d013b84ad.wav,https://eu.jotform.com/widget-uploads/voiceRecorder/232493385305054/6501d01692ba6_16946176226501d01698e0e.wav,https://eu.jotform.com/widget-uploads/voiceRecorder/232493385305054/6501d01992d1a_16946176256501d01997e9d.wav,https://eu.jotform.com/widget-uploads/voiceRecorder/232493385305054/6501d01cc5bc4_16946176286501d01ccb5eb.wav,Jokubas_7
"Sep 13, 2023",https://eu.jotform.com/widget-uploads/voiceRecorder/232493385305054/6501cee7cb79d_16946173196501cee7d2991.wav,https://eu.jotform.com/widget-uploads/voiceRecorder/232493385305054/6501cf064b201_16946173506501cf065131d.wav,https://eu.jotform.com/widget-uploads/voiceRecorder/232493385305054/6501cf16a9275_16946173666501cf16b0bd0.wav,https://eu.jotform.com/widget-uploads/voiceRecorder/232493385305054/6501cf27012bf_16946173836501cf2707ba8.wav,https://eu.jotform.com/widget-uploads/voiceRecorder/232493385305054/6501cf3739262_16946173996501cf373f334.wav,https://eu.jotform.com/widget-uploads/voiceRecorder/232493385305054/6501cf47a3460_16946174156501cf47a8d9a.wav,https://eu.jotform.com/widget-uploads/voiceRecorder/232493385305054/6501cf575e9b8_16946174316501cf5765634.wav,https://eu.jotform.com/widget-uploads/voiceRecorder/232493385305054/6501cf67b514b_16946174476501cf67ba9a0.wav,https://eu.jotform.com/widget-uploads/voiceRecorder/232493385305054/6501cf78135a2_16946174646501cf781a50c.wav,https://eu.jotform.com/widget-uploads/voiceRecorder/232493385305054/6501cf8897ee3_16946174806501cf889ebd6.wav,Rokas_1
"Sep 12, 2023",https://eu.jotform.com/widget-uploads/voiceRecorder/232493385305054/6500a0884142c_16945399126500a0887d82e.wav,https://eu.jotform.com/widget-uploads/voiceRecorder/232493385305054/6500a0937e398_16945399236500a094250f8.wav,https://eu.jotform.com/widget-uploads/voiceRecorder/232493385305054/6500a098aa20a_16945399286500a0994d036.wav,https://eu.jotform.com/widget-uploads/voiceRecorder/232493385305054/6500a09ed4eea_16945399346500a09f720aa.wav,https://eu.jotform.com/widget-uploads/voiceRecorder/232493385305054/6500a0a4987c5_16945399406500a0a533e0f.wav,https://eu.jotform.com/widget-uploads/voiceRecorder/232493385305054/6500a0aa7d8b9_16945399466500a0ab1bd06.wav,https://eu.jotform.com/widget-uploads/voiceRecorder/232493385305054/6500a0b02c96e_16945399526500a0b0ba2ab.wav,https://eu.jotform.com/widget-uploads/voiceRecorder/232493385305054/6500a0b624048_16945399586500a0b661bd3.wav,https://eu.jotform.com/widget-uploads/voiceRecorder/232493385305054/6500a0bb49522_16945399636500a0bbd5737.wav,https://eu.jotform.com/widget-uploads/voiceRecorder/232493385305054/6500a0c0c02a5_16945399686500a0c15a24b.wav,Irmantas_1
"Sep 12, 2023",https://eu.jotform.com/widget-uploads/voiceRecorder/232493385305054/65009bc03e80c_169453868865009bc132cd6.wav,https://eu.jotform.com/widget-uploads/voiceRecorder/232493385305054/65009bc74141d_169453869565009bc7d19e1.wav,https://eu.jotform.com/widget-uploads/voiceRecorder/232493385305054/65009bcdd23fb_169453870165009bce70e46.wav,https://eu.jotform.com/widget-uploads/voiceRecorder/232493385305054/65009bd556d7e_169453870965009bd5eafe8.wav,https://eu.jotform.com/widget-uploads/voiceRecorder/232493385305054/65009bdc11e47_169453871665009bdca6acd.wav,https://eu.jotform.com/widget-uploads/voiceRecorder/232493385305054/65009be31c817_169453872365009be3b324d.wav,https://eu.jotform.com/widget-uploads/voiceRecorder/232493385305054/65009bef43bbb_169453873565009befd83c2.wav,https://eu.jotform.com/widget-uploads/voiceRecorder/232493385305054/65009bf4a2f05_169453874065009bf549bc5.wav,https://eu.jotform.com/widget-uploads/voiceRecorder/232493385305054/65009bfcbb10a_169453874865009bfd5ce1e.wav,https://eu.jotform.com/widget-uploads/voiceRecorder/232493385305054/65009c01ac66a_169453875365009c0296156.wav,Irmantas_2
"Sep 12, 2023",https://eu.jotform.com/widget-uploads/voiceRecorder/232493385305054/65009b5c568f6_169453858865009b5c5c3d5.wav,https://eu.jotform.com/widget-uploads/voiceRecorder/232493385305054/65009b6280797_169453859465009b6285a2d.wav,https://eu.jotform.com/widget-uploads/voiceRecorder/232493385305054/65009b689bcc4_169453860065009b68a2670.wav,https://eu.jotform.com/widget-uploads/voiceRecorder/232493385305054/65009b6e40946_169453860665009b6e45b27.wav,https://eu.jotform.com/widget-uploads/voiceRecorder/232493385305054/65009b737fa82_169453861165009b7384ef8.wav,https://eu.jotform.com/widget-uploads/voiceRecorder/232493385305054/65009b7c38c6e_169453862065009b7c3f254.wav,https://eu.jotform.com/widget-uploads/voiceRecorder/232493385305054/65009b8147e36_169453862565009b814e2cb.wav,https://eu.jotform.com/widget-uploads/voiceRecorder/232493385305054/65009b864a554_169453863065009b864f294.wav,https://eu.jotform.com/widget-uploads/voiceRecorder/232493385305054/65009b8bc3ce9_169453863565009b8bc8e1e.wav,https://eu.jotform.com/widget-uploads/voiceRecorder/232493385305054/65009b90890ab_169453864065009b908e741.wav,Irmantas_3
"Sep 8, 2023",https://eu.jotform.com/widget-uploads/voiceRecorder/232493385305054/64fb4b777f8a1_169419045564fb4b7784c3a.wav,https://eu.jotform.com/widget-uploads/voiceRecorder/232493385305054/64fb4b7a04048_169419045864fb4b7a09ccd.wav,https://eu.jotform.com/widget-uploads/voiceRecorder/232493385305054/64fb4b7d56ee8_169419046164fb4b7d5bfa3.wav,https://eu.jotform.com/widget-uploads/voiceRecorder/232493385305054/64fb4b806ba7e_169419046464fb4b8071938.wav,https://eu.jotform.com/widget-uploads/voiceRecorder/232493385305054/64fb4b8367f62_169419046764fb4b836db8c.wav,https://eu.jotform.com/widget-uploads/voiceRecorder/232493385305054/64fb4b86c915f_169419047064fb4b86cec40.wav,https://eu.jotform.com/widget-uploads/voiceRecorder/232493385305054/64fb4b8ad060e_169419047464fb4b8adae79.wav,https://eu.jotform.com/widget-uploads/voiceRecorder/232493385305054/64fb4b8e3075b_169419047864fb4b8e35994.wav,https://eu.jotform.com/widget-uploads/voiceRecorder/232493385305054/64fb4b921606d_169419048264fb4b921adf8.wav,https://eu.jotform.com/widget-uploads/voiceRecorder/232493385305054/64fb4b954ce2e_169419048564fb4b955280d.wav,Vilius_4
"Sep 8, 2023",https://eu.jotform.com/widget-uploads/voiceRecorder/232493385305054/64fb4b32c7358_169419038664fb4b32cc1a5.wav,https://eu.jotform.com/widget-uploads/voiceRecorder/232493385305054/64fb4b39e4006_169419039364fb4b39e97b9.wav,https://eu.jotform.com/widget-uploads/voiceRecorder/232493385305054/64fb4b4573a92_169419040564fb4b4578da0.wav,https://eu.jotform.com/widget-uploads/voiceRecorder/232493385305054/64fb4b4ad65c4_169419041064fb4b4adbbfa.wav,https://eu.jotform.com/widget-uploads/voiceRecorder/232493385305054/64fb4b504c8e2_169419041664fb4b5052c2e.wav,https://eu.jotform.com/widget-uploads/voiceRecorder/232493385305054/64fb4b540c6db_169419042064fb4b5411ead.wav,https://eu.jotform.com/widget-uploads/voiceRecorder/232493385305054/64fb4b58c77e7_169419042464fb4b58cd821.wav,https://eu.jotform.com/widget-uploads/voiceRecorder/232493385305054/64fb4b5d63aa4_169419042964fb4b5d69535.wav,https://eu.jotform.com/widget-uploads/voiceRecorder/232493385305054/64fb4b61c2483_169419043364fb4b61c7230.wav,https://eu.jotform.com/widget-uploads/voiceRecorder/232493385305054/64fb4b660acf8_169419043864fb4b660fbc7.wav,Simas_1
"Sep 8, 2023",https://eu.jotform.com/widget-uploads/voiceRecorder/232493385305054/64fb0f99958c2_169417512964fb0f999aaca.wav,https://eu.jotform.com/widget-uploads/voiceRecorder/232493385305054/64fb0f9f01eed_169417513564fb0f9f06c4c.wav,https://eu.jotform.com/widget-uploads/voiceRecorder/232493385305054/64fb0fa49ebb3_169417514064fb0fa4a408f.wav,https://eu.jotform.com/widget-uploads/voiceRecorder/232493385305054/64fb0fa9dce0e_169417514564fb0fa9e1dc6.wav,https://eu.jotform.com/widget-uploads/voiceRecorder/232493385305054/64fb0faf60235_169417515164fb0faf65541.wav,https://eu.jotform.com/widget-uploads/voiceRecorder/232493385305054/64fb0fb44d55b_169417515664fb0fb452c2d.wav,https://eu.jotform.com/widget-uploads/voiceRecorder/232493385305054/64fb0fb9b2aae_169417516164fb0fb9b87cc.wav,https://eu.jotform.com/widget-uploads/voiceRecorder/232493385305054/64fb0fbe3da59_169417516664fb0fbe42a47.wav,https://eu.jotform.com/widget-uploads/voiceRecorder/232493385305054/64fb0fc34c835_169417517164fb0fc3528a7.wav,https://eu.jotform.com/widget-uploads/voiceRecorder/232493385305054/64fb0fc871743_169417517664fb0fc87653a.wav,Modestas_10
"Sep 8, 2023",https://eu.jotform.com/widget-uploads/voiceRecorder/232493385305054/64fb0f47d4a10_169417504764fb0f47d9d31.wav,https://eu.jotform.com/widget-uploads/voiceRecorder/232493385305054/64fb0f4d15193_169417505364fb0f4d1a279.wav,https://eu.jotform.com/widget-uploads/voiceRecorder/232493385305054/64fb0f5233bc9_169417505864fb0f523951b.wav,https://eu.jotform.com/widget-uploads/voiceRecorder/232493385305054/64fb0f5733570_169417506364fb0f57385e1.wav,https://eu.jotform.com/widget-uploads/voiceRecorder/232493385305054/64fb0f5bceac1_169417506764fb0f5bd42dd.wav,https://eu.jotform.com/widget-uploads/voiceRecorder/232493385305054/64fb0f6041770_169417507264fb0f60463ea.wav,https://eu.jotform.com/widget-uploads/voiceRecorder/232493385305054/64fb0f65a47bd_169417507764fb0f65aa28c.wav,https://eu.jotform.com/widget-uploads/voiceRecorder/232493385305054/64fb0f6aabb66_169417508264fb0f6ab1dc4.wav,https://eu.jotform.com/widget-uploads/voiceRecorder/232493385305054/64fb0f700c3c4_169417508864fb0f7011e7c.wav,https://eu.jotform.com/widget-uploads/voiceRecorder/232493385305054/64fb0f7651ae8_169417509464fb0f7656a2c.wav,Modestas_9
"Sep 8, 2023",https://eu.jotform.com/widget-uploads/voiceRecorder/232493385305054/64fb0ee25d383_169417494664fb0ee262b3f.wav,https://eu.jotform.com/widget-uploads/voiceRecorder/232493385305054/64fb0eeb0b179_169417495564fb0eeb1137a.wav,https://eu.jotform.com/widget-uploads/voiceRecorder/232493385305054/64fb0ef615357_169417496664fb0ef61ad8e.wav,https://eu.jotform.com/widget-uploads/voiceRecorder/232493385305054/64fb0efcbf5f3_169417497264fb0efcc46f7.wav,https://eu.jotform.com/widget-uploads/voiceRecorder/232493385305054/64fb0f033bd88_169417497964fb0f0340e3c.wav,https://eu.jotform.com/widget-uploads/voiceRecorder/232493385305054/64fb0f08b711d_169417498464fb0f08bc125.wav,https://eu.jotform.com/widget-uploads/voiceRecorder/232493385305054/64fb0f0f1899c_169417499164fb0f0f1daf4.wav,https://eu.jotform.com/widget-uploads/voiceRecorder/232493385305054/64fb0f144603d_169417499664fb0f144be1e.wav,https://eu.jotform.com/widget-uploads/voiceRecorder/232493385305054/64fb0f1af38a9_169417500264fb0f1b049bd.wav,https://eu.jotform.com/widget-uploads/voiceRecorder/232493385305054/64fb0f272a877_169417501564fb0f272f8a5.wav,Modestas_8
"Sep 8, 2023",https://eu.jotform.com/widget-uploads/voiceRecorder/232493385305054/64fb0e710e245_169417483364fb0e7113e2c.wav,https://eu.jotform.com/widget-uploads/voiceRecorder/232493385305054/64fb0e7674606_169417483864fb0e7679549.wav,https://eu.jotform.com/widget-uploads/voiceRecorder/232493385305054/64fb0e7ba0f50_169417484364fb0e7ba5a30.wav,https://eu.jotform.com/widget-uploads/voiceRecorder/232493385305054/64fb0e8707bf0_169417485564fb0e870def7.wav,https://eu.jotform.com/widget-uploads/voiceRecorder/232493385305054/64fb0e8c3de0d_169417486064fb0e8c431f6.wav,https://eu.jotform.com/widget-uploads/voiceRecorder/232493385305054/64fb0e926acf3_169417486664fb0e926fa59.wav,https://eu.jotform.com/widget-uploads/voiceRecorder/232493385305054/64fb0e97cbfc8_169417487164fb0e97d1347.wav,https://eu.jotform.com/widget-uploads/voiceRecorder/232493385305054/64fb0e9ce7636_169417487664fb0e9cecdd7.wav,https://eu.jotform.com/widget-uploads/voiceRecorder/232493385305054/64fb0ea2063df_169417488264fb0ea20c2c2.wav,https://eu.jotform.com/widget-uploads/voiceRecorder/232493385305054/64fb0eaa398ef_169417489064fb0eaa3e90d.wav,Modestas_7
"Sep 8, 2023",https://eu.jotform.com/widget-uploads/voiceRecorder/232493385305054/64fb0e28e9c81_169417476064fb0e28eee7e.wav,https://eu.jotform.com/widget-uploads/voiceRecorder/232493385305054/64fb0e2de778b_169417476564fb0e2dec995.wav,https://eu.jotform.com/widget-uploads/voiceRecorder/232493385305054/64fb0e340cb80_169417477264fb0e3412b24.wav,https://eu.jotform.com/widget-uploads/voiceRecorder/232493385305054/64fb0e38f29a3_169417477664fb0e39035ab.wav,https://eu.jotform.com/widget-uploads/voiceRecorder/232493385305054/64fb0e3e0c320_169417478264fb0e3e11c71.wav,https://eu.jotform.com/widget-uploads/voiceRecorder/232493385305054/64fb0e43be9c0_169417478764fb0e43c4c97.wav,https://eu.jotform.com/widget-uploads/voiceRecorder/232493385305054/64fb0e486a267_169417479264fb0e486f2b9.wav,https://eu.jotform.com/widget-uploads/voiceRecorder/232493385305054/64fb0e4d8968a_169417479764fb0e4d8f6a2.wav,https://eu.jotform.com/widget-uploads/voiceRecorder/232493385305054/64fb0e52b9ee1_169417480264fb0e52bed09.wav,https://eu.jotform.com/widget-uploads/voiceRecorder/232493385305054/64fb0e5888db9_169417480864fb0e588e570.wav,Modestas_6
"Sep 8, 2023",https://eu.jotform.com/widget-uploads/voiceRecorder/232493385305054/64fb0de82dee1_169417469664fb0de832f28.wav,https://eu.jotform.com/widget-uploads/voiceRecorder/232493385305054/64fb0dec785b0_169417470064fb0dec7d6a3.wav,https://eu.jotform.com/widget-uploads/voiceRecorder/232493385305054/64fb0df244d05_169417470664fb0df24a3b2.wav,https://eu.jotform.com/widget-uploads/voiceRecorder/232493385305054/64fb0df7b63bd_169417471164fb0df7bb057.wav,https://eu.jotform.com/widget-uploads/voiceRecorder/232493385305054/64fb0dfdb533f_169417471764fb0dfdba0ea.wav,https://eu.jotform.com/widget-uploads/voiceRecorder/232493385305054/64fb0e030cc01_169417472364fb0e0311ea0.wav,https://eu.jotform.com/widget-uploads/voiceRecorder/232493385305054/64fb0e099fe3a_169417472964fb0e09a4a0a.wav,https://eu.jotform.com/widget-uploads/voiceRecorder/232493385305054/64fb0e0e79b87_169417473464fb0e0e7eba7.wav,https://eu.jotform.com/widget-uploads/voiceRecorder/232493385305054/64fb0e143bf90_169417474064fb0e1440e96.wav,https://eu.jotform.com/widget-uploads/voiceRecorder/232493385305054/64fb0e1a31800_169417474664fb0e1a36dfd.wav,Modestas_6
"Sep 8, 2023",https://eu.jotform.com/widget-uploads/voiceRecorder/232493385305054/64fb0da2607a1_169417462664fb0da26596d.wav,https://eu.jotform.com/widget-uploads/voiceRecorder/232493385305054/64fb0da6cd1ee_169417463064fb0da6d2da6.wav,https://eu.jotform.com/widget-uploads/voiceRecorder/232493385305054/64fb0dabd4c77_169417463564fb0dabdaefa.wav,https://eu.jotform.com/widget-uploads/voiceRecorder/232493385305054/64fb0db0e38a8_169417464064fb0db0e9154.wav,https://eu.jotform.com/widget-uploads/voiceRecorder/232493385305054/64fb0db5bbf14_169417464564fb0db5c1e45.wav,https://eu.jotform.com/widget-uploads/voiceRecorder/232493385305054/64fb0dba681e3_169417465064fb0dba6da36.wav,https://eu.jotform.com/widget-uploads/voiceRecorder/232493385305054/64fb0dbf97cd5_169417465564fb0dbf9cab1.wav,https://eu.jotform.com/widget-uploads/voiceRecorder/232493385305054/64fb0dc639045_169417466264fb0dc63e290.wav,https://eu.jotform.com/widget-uploads/voiceRecorder/232493385305054/64fb0dcb54e9a_169417466764fb0dcb59d6b.wav,https://eu.jotform.com/widget-uploads/voiceRecorder/232493385305054/64fb0dd02046f_169417467264fb0dd02501f.wav,Modestas_5
"Sep 8, 2023",https://eu.jotform.com/widget-uploads/voiceRecorder/232493385305054/64fb0d5c7b5fc_169417455664fb0d5c8075c.wav,https://eu.jotform.com/widget-uploads/voiceRecorder/232493385305054/64fb0d6199932_169417456164fb0d619f0e1.wav,https://eu.jotform.com/widget-uploads/voiceRecorder/232493385305054/64fb0d66c6aeb_169417456664fb0d66cbb58.wav,https://eu.jotform.com/widget-uploads/voiceRecorder/232493385305054/64fb0d6bb9082_169417457164fb0d6bbe89a.wav,https://eu.jotform.com/widget-uploads/voiceRecorder/232493385305054/64fb0d716e2bb_169417457764fb0d7173dca.wav,https://eu.jotform.com/widget-uploads/voiceRecorder/232493385305054/64fb0d76e4ca3_169417458264fb0d76eaf22.wav,https://eu.jotform.com/widget-uploads/voiceRecorder/232493385305054/64fb0d7bcc145_169417458764fb0d7bd0d3f.wav,https://eu.jotform.com/widget-uploads/voiceRecorder/232493385305054/64fb0d80e4e08_169417459264fb0d80ea81c.wav,https://eu.jotform.com/widget-uploads/voiceRecorder/232493385305054/64fb0d862281e_169417459864fb0d8627731.wav,https://eu.jotform.com/widget-uploads/voiceRecorder/232493385305054/64fb0d8b3b8d8_169417460364fb0d8b40f3d.wav,Modestas_4
"Sep 8, 2023",https://eu.jotform.com/widget-uploads/voiceRecorder/232493385305054/64fb0cf8b926e_169417445664fb0cf8bee63.wav,https://eu.jotform.com/widget-uploads/voiceRecorder/232493385305054/64fb0cfe87a31_169417446264fb0cfe8cf73.wav,https://eu.jotform.com/widget-uploads/voiceRecorder/232493385305054/64fb0d037c845_169417446764fb0d03815b5.wav,https://eu.jotform.com/widget-uploads/voiceRecorder/232493385305054/64fb0d080d4ba_169417447264fb0d0811f52.wav,https://eu.jotform.com/widget-uploads/voiceRecorder/232493385305054/64fb0d0c8fdd0_169417447664fb0d0c953e0.wav,https://eu.jotform.com/widget-uploads/voiceRecorder/232493385305054/64fb0d12234b9_169417448264fb0d122852d.wav,https://eu.jotform.com/widget-uploads/voiceRecorder/232493385305054/64fb0d17354bb_169417448764fb0d173b893.wav,https://eu.jotform.com/widget-uploads/voiceRecorder/232493385305054/64fb0d1c8cc90_169417449264fb0d1c91724.wav,https://eu.jotform.com/widget-uploads/voiceRecorder/232493385305054/64fb0d215c2e2_169417449764fb0d21625fe.wav,https://eu.jotform.com/widget-uploads/voiceRecorder/232493385305054/64fb0d262be24_169417450264fb0d263153b.wav,Modestas_3
"Sep 8, 2023",https://eu.jotform.com/widget-uploads/voiceRecorder/232493385305054/64fb0cb73a5c5_169417439164fb0cb73f1e0.wav,https://eu.jotform.com/widget-uploads/voiceRecorder/232493385305054/64fb0cbc44ab9_169417439664fb0cbc499f2.wav,https://eu.jotform.com/widget-uploads/voiceRecorder/232493385305054/64fb0cc0652b1_169417440064fb0cc06b310.wav,https://eu.jotform.com/widget-uploads/voiceRecorder/232493385305054/64fb0cc4743dc_169417440464fb0cc4793a5.wav,https://eu.jotform.com/widget-uploads/voiceRecorder/232493385305054/64fb0cca6d14d_169417441064fb0cca72471.wav,https://eu.jotform.com/widget-uploads/voiceRecorder/232493385305054/64fb0cd123ae2_169417441764fb0cd1292f1.wav,https://eu.jotform.com/widget-uploads/voiceRecorder/232493385305054/64fb0cd5ccc97_169417442164fb0cd5d1c81.wav,https://eu.jotform.com/widget-uploads/voiceRecorder/232493385305054/64fb0cda4db13_169417442664fb0cda52c3f.wav,https://eu.jotform.com/widget-uploads/voiceRecorder/232493385305054/64fb0cde60c1f_169417443064fb0cde662bc.wav,https://eu.jotform.com/widget-uploads/voiceRecorder/232493385305054/64fb0ce303b99_169417443564fb0ce308d99.wav,Modestas_2
"Sep 8, 2023",https://eu.jotform.com/widget-uploads/voiceRecorder/232493385305054/64fb0c4f51cd2_169417428764fb0c4f57a13.wav,https://eu.jotform.com/widget-uploads/voiceRecorder/232493385305054/64fb0c6218946_169417430664fb0c621dc3a.wav,https://eu.jotform.com/widget-uploads/voiceRecorder/232493385305054/64fb0c68860d3_169417431264fb0c688b604.wav,https://eu.jotform.com/widget-uploads/voiceRecorder/232493385305054/64fb0c7088400_169417432064fb0c708d75e.wav,https://eu.jotform.com/widget-uploads/voiceRecorder/232493385305054/64fb0c7809cf8_169417432864fb0c780ed00.wav,https://eu.jotform.com/widget-uploads/voiceRecorder/232493385305054/64fb0c7f1a821_169417433564fb0c7f2042d.wav,https://eu.jotform.com/widget-uploads/voiceRecorder/232493385305054/64fb0c8524280_169417434164fb0c852977d.wav,https://eu.jotform.com/widget-uploads/voiceRecorder/232493385305054/64fb0c8c32cae_169417434864fb0c8c37d3c.wav,https://eu.jotform.com/widget-uploads/voiceRecorder/232493385305054/64fb0c93c2543_169417435564fb0c93c7d74.wav,https://eu.jotform.com/widget-uploads/voiceRecorder/232493385305054/64fb0c9a91cdb_169417436264fb0c9a97434.wav,Modestas_1
"Sep 8, 2023",https://eu.jotform.com/widget-uploads/voiceRecorder/232493385305054/64fb0bc780fcc_169417415164fb0bc7861df.wav,https://eu.jotform.com/widget-uploads/voiceRecorder/232493385305054/64fb0bd2242c4_169417416264fb0bd229368.wav,https://eu.jotform.com/widget-uploads/voiceRecorder/232493385305054/64fb0bdada282_169417417064fb0bdadf111.wav,https://eu.jotform.com/widget-uploads/voiceRecorder/232493385305054/64fb0be4a8d72_169417418064fb0be4aebad.wav,https://eu.jotform.com/widget-uploads/voiceRecorder/232493385305054/64fb0bee880b5_169417419064fb0bee8fd65.wav,https://eu.jotform.com/widget-uploads/voiceRecorder/232493385305054/64fb0bf73e936_169417419964fb0bf743d82.wav,https://eu.jotform.com/widget-uploads/voiceRecorder/232493385305054/64fb0bff8c07b_169417420764fb0bff90ffd.wav,https://eu.jotform.com/widget-uploads/voiceRecorder/232493385305054/64fb0c0739215_169417421564fb0c073e4ca.wav,https://eu.jotform.com/widget-uploads/voiceRecorder/232493385305054/64fb0c0f434f0_169417422364fb0c0f48cf4.wav,https://eu.jotform.com/widget-uploads/voiceRecorder/232493385305054/64fb0c1b954bb_169417423564fb0c1b9a87b.wav,Modestas_11
"Sep 7, 2023",https://eu.jotform.com/widget-uploads/voiceRecorder/232493385305054/64fa3263b281d_169411849964fa3263b7dd4.wav,https://eu.jotform.com/widget-uploads/voiceRecorder/232493385305054/64fa3267ebf49_169411850364fa3267f1102.wav,https://eu.jotform.com/widget-uploads/voiceRecorder/232493385305054/64fa326c16cc4_169411850864fa326c1c9e0.wav,https://eu.jotform.com/widget-uploads/voiceRecorder/232493385305054/64fa327172059_169411851364fa327176df4.wav,https://eu.jotform.com/widget-uploads/voiceRecorder/232493385305054/64fa3278a53ea_169411852064fa3278aa326.wav,https://eu.jotform.com/widget-uploads/voiceRecorder/232493385305054/64fa327dbe405_169411852564fa327dc327b.wav,https://eu.jotform.com/widget-uploads/voiceRecorder/232493385305054/64fa32835c1b1_169411853164fa328360c2a.wav,https://eu.jotform.com/widget-uploads/voiceRecorder/232493385305054/64fa3287f2186_169411853564fa328803799.wav,https://eu.jotform.com/widget-uploads/voiceRecorder/232493385305054/64fa328caba9f_169411854064fa328cb08a1.wav,https://eu.jotform.com/widget-uploads/voiceRecorder/232493385305054/64fa329167e47_169411854564fa32916d064.wav,Gintas_1
"Sep 7, 2023",https://eu.jotform.com/widget-uploads/voiceRecorder/232493385305054/64fa31bc71646_169411833264fa31bc77c22.wav,https://eu.jotform.com/widget-uploads/voiceRecorder/232493385305054/64fa31c409b10_169411834064fa31c40f462.wav,https://eu.jotform.com/widget-uploads/voiceRecorder/232493385305054/64fa31c8cca9b_169411834464fa31c8d1db5.wav,https://eu.jotform.com/widget-uploads/voiceRecorder/232493385305054/64fa31cdba97e_169411834964fa31cdc021e.wav,https://eu.jotform.com/widget-uploads/voiceRecorder/232493385305054/64fa31d285b06_169411835464fa31d28b13a.wav,https://eu.jotform.com/widget-uploads/voiceRecorder/232493385305054/64fa31d73f1f0_169411835964fa31d744c75.wav,https://eu.jotform.com/widget-uploads/voiceRecorder/232493385305054/64fa31dbc16c5_169411836364fa31dbc6ed1.wav,https://eu.jotform.com/widget-uploads/voiceRecorder/232493385305054/64fa31e07af2b_169411836864fa31e0811ed.wav,https://eu.jotform.com/widget-uploads/voiceRecorder/232493385305054/64fa31e634959_169411837464fa31e639e57.wav,https://eu.jotform.com/widget-uploads/voiceRecorder/232493385305054/64fa31ec3c09d_169411838064fa31ec40fd0.wav,Gintas_2
"Sep 7, 2023",https://eu.jotform.com/widget-uploads/voiceRecorder/232493385305054/64fa31505d12e_169411822464fa31506215e.wav,https://eu.jotform.com/widget-uploads/voiceRecorder/232493385305054/64fa315b2beed_169411823564fa315b311ce.wav,https://eu.jotform.com/widget-uploads/voiceRecorder/232493385305054/64fa316397d24_169411824364fa31639da32.wav,https://eu.jotform.com/widget-uploads/voiceRecorder/232493385305054/64fa316964ade_169411824964fa31696b277.wav,https://eu.jotform.com/widget-uploads/voiceRecorder/232493385305054/64fa316f3f3c0_169411825564fa316f4489d.wav,https://eu.jotform.com/widget-uploads/voiceRecorder/232493385305054/64fa3178955f3_169411826464fa31789b2e5.wav,https://eu.jotform.com/widget-uploads/voiceRecorder/232493385305054/64fa317de8a1e_169411826964fa317dee514.wav,https://eu.jotform.com/widget-uploads/voiceRecorder/232493385305054/64fa3183324c6_169411827564fa3183376e9.wav,https://eu.jotform.com/widget-uploads/voiceRecorder/232493385305054/64fa318823d2c_169411828064fa31882960f.wav,https://eu.jotform.com/widget-uploads/voiceRecorder/232493385305054/64fa318da3c12_169411828564fa318da883d.wav,Gintas_3
"Sep 7, 2023",https://eu.jotform.com/widget-uploads/voiceRecorder/232493385305054/64fa30b64d701_169411807064fa30b65291c.wav,https://eu.jotform.com/widget-uploads/voiceRecorder/232493385305054/64fa30bb634de_169411807564fa30bb68078.wav,https://eu.jotform.com/widget-uploads/voiceRecorder/232493385305054/64fa30bfe4a5c_169411807964fa30bfea0b1.wav,https://eu.jotform.com/widget-uploads/voiceRecorder/232493385305054/64fa30c4e193f_169411808464fa30c4e6bfe.wav,https://eu.jotform.com/widget-uploads/voiceRecorder/232493385305054/64fa30caa60d7_169411809064fa30caab4de.wav,https://eu.jotform.com/widget-uploads/voiceRecorder/232493385305054/64fa30d0438b3_169411809664fa30d048bb0.wav,https://eu.jotform.com/widget-uploads/voiceRecorder/232493385305054/64fa30e03f62c_169411811264fa30e045327.wav,https://eu.jotform.com/widget-uploads/voiceRecorder/232493385305054/64fa30e5f0db3_169411811764fa30e60212f.wav,https://eu.jotform.com/widget-uploads/voiceRecorder/232493385305054/64fa30ec0e736_169411812464fa30ec14d16.wav,https://eu.jotform.com/widget-uploads/voiceRecorder/232493385305054/64fa30f113583_169411812964fa30f11994d.wav,Gintas_4
"Sep 7, 2023",https://eu.jotform.com/widget-uploads/voiceRecorder/232493385305054/64fa306456eeb_169411798864fa30645c4f7.wav,https://eu.jotform.com/widget-uploads/voiceRecorder/232493385305054/64fa3069579d6_169411799364fa30695c5ac.wav,https://eu.jotform.com/widget-uploads/voiceRecorder/232493385305054/64fa306e3121a_169411799864fa306e3696c.wav,https://eu.jotform.com/widget-uploads/voiceRecorder/232493385305054/64fa307331937_169411800364fa30733714f.wav,https://eu.jotform.com/widget-uploads/voiceRecorder/232493385305054/64fa3077d00b4_169411800764fa3077d5b3b.wav,https://eu.jotform.com/widget-uploads/voiceRecorder/232493385305054/64fa307c6e490_169411801264fa307c739df.wav,https://eu.jotform.com/widget-uploads/voiceRecorder/232493385305054/64fa3080ca561_169411801664fa3080d1ccf.wav,https://eu.jotform.com/widget-uploads/voiceRecorder/232493385305054/64fa30856408b_169411802164fa30856974d.wav,https://eu.jotform.com/widget-uploads/voiceRecorder/232493385305054/64fa3089ecbef_169411802564fa3089f23f3.wav,https://eu.jotform.com/widget-uploads/voiceRecorder/232493385305054/64fa308ed7f4c_169411803064fa308edd0cb.wav,Gintas_5
"Sep 7, 2023",https://eu.jotform.com/widget-uploads/voiceRecorder/232493385305054/64fa3020a1578_169411792064fa3020a70aa.wav,https://eu.jotform.com/widget-uploads/voiceRecorder/232493385305054/64fa3028a802f_169411792864fa3028ad2fe.wav,https://eu.jotform.com/widget-uploads/voiceRecorder/232493385305054/64fa302d94e44_169411793364fa302d99fb8.wav,https://eu.jotform.com/widget-uploads/voiceRecorder/232493385305054/64fa3033822dc_169411793964fa3033879a0.wav,https://eu.jotform.com/widget-uploads/voiceRecorder/232493385305054/64fa30386bd3a_169411794464fa303870e04.wav,https://eu.jotform.com/widget-uploads/voiceRecorder/232493385305054/64fa303d86d51_169411794964fa303d8c728.wav,https://eu.jotform.com/widget-uploads/voiceRecorder/232493385305054/64fa3042b2fad_169411795464fa3042b863f.wav,https://eu.jotform.com/widget-uploads/voiceRecorder/232493385305054/64fa30477820b_169411795964fa30477d444.wav,https://eu.jotform.com/widget-uploads/voiceRecorder/232493385305054/64fa304d234b2_169411796564fa304d2833a.wav,https://eu.jotform.com/widget-uploads/voiceRecorder/232493385305054/64fa3052d6bd7_169411797064fa3052dbd39.wav,Gintas_6
"Sep 7, 2023",https://eu.jotform.com/widget-uploads/voiceRecorder/232493385305054/64fa2fbb209e6_169411781964fa2fbb268af.wav,https://eu.jotform.com/widget-uploads/voiceRecorder/232493385305054/64fa2fc0a4f72_169411782464fa2fc0aa41a.wav,https://eu.jotform.com/widget-uploads/voiceRecorder/232493385305054/64fa2fc6ca7c3_169411783064fa2fc6cfe28.wav,https://eu.jotform.com/widget-uploads/voiceRecorder/232493385305054/64fa2fcd2e486_169411783764fa2fcd33bd8.wav,https://eu.jotform.com/widget-uploads/voiceRecorder/232493385305054/64fa2fd1f0300_169411784164fa2fd200fae.wav,https://eu.jotform.com/widget-uploads/voiceRecorder/232493385305054/64fa2fd7b53ee_169411784764fa2fd7baea7.wav,https://eu.jotform.com/widget-uploads/voiceRecorder/232493385305054/64fa2fe43276b_169411786064fa2fe438251.wav,https://eu.jotform.com/widget-uploads/voiceRecorder/232493385305054/64fa2fe9419fd_169411786564fa2fe946935.wav,https://eu.jotform.com/widget-uploads/voiceRecorder/232493385305054/64fa2fef0f672_169411787164fa2fef14b8c.wav,https://eu.jotform.com/widget-uploads/voiceRecorder/232493385305054/64fa2ff6da9e4_169411787864fa2ff6e1821.wav,Gintas_7
"Sep 7, 2023",https://eu.jotform.com/widget-uploads/voiceRecorder/232493385305054/64fa2f6ac837f_169411773864fa2f6acdfbb.wav,https://eu.jotform.com/widget-uploads/voiceRecorder/232493385305054/64fa2f70f2fe0_169411774464fa2f7104211.wav,https://eu.jotform.com/widget-uploads/voiceRecorder/232493385305054/64fa2f764abb1_169411775064fa2f7651ae7.wav,https://eu.jotform.com/widget-uploads/voiceRecorder/232493385305054/64fa2f7b60142_169411775564fa2f7b65d02.wav,https://eu.jotform.com/widget-uploads/voiceRecorder/232493385305054/64fa2f80eff79_169411776064fa2f8101269.wav,https://eu.jotform.com/widget-uploads/voiceRecorder/232493385305054/64fa2f8660d38_169411776664fa2f8665d3b.wav,https://eu.jotform.com/widget-uploads/voiceRecorder/232493385305054/64fa2f8b673a4_169411777164fa2f8b6cebd.wav,https://eu.jotform.com/widget-uploads/voiceRecorder/232493385305054/64fa2f90cd1f9_169411777664fa2f90d2181.wav,https://eu.jotform.com/widget-uploads/voiceRecorder/232493385305054/64fa2f96564af_169411778264fa2f965ba43.wav,https://eu.jotform.com/widget-uploads/voiceRecorder/232493385305054/64fa2f9c99d3f_169411778864fa2f9c9f24f.wav,Gintas_8
"Sep 7, 2023",https://eu.jotform.com/widget-uploads/voiceRecorder/232493385305054/64f9fb8f338f6_169410446364f9fb8f38d21.wav,https://eu.jotform.com/widget-uploads/voiceRecorder/232493385305054/64f9fb94a5be3_169410446864f9fb94aa893.wav,https://eu.jotform.com/widget-uploads/voiceRecorder/232493385305054/64f9fb9a730a7_169410447464f9fb9a78585.wav,https://eu.jotform.com/widget-uploads/voiceRecorder/232493385305054/64f9fba413af6_169410448464f9fba418d20.wav,https://eu.jotform.com/widget-uploads/voiceRecorder/232493385305054/64f9fbaa159e2_169410449064f9fbaa1b563.wav,https://eu.jotform.com/widget-uploads/voiceRecorder/232493385305054/64f9fbb04fe97_169410449664f9fbb054aee.wav,https://eu.jotform.com/widget-uploads/voiceRecorder/232493385305054/64f9fbb5706ac_169410450164f9fbb5755f9.wav,https://eu.jotform.com/widget-uploads/voiceRecorder/232493385305054/64f9fbbaa521c_169410450664f9fbbaaa6de.wav,https://eu.jotform.com/widget-uploads/voiceRecorder/232493385305054/64f9fbc2a82b3_169410451464f9fbc2ad29b.wav,https://eu.jotform.com/widget-uploads/voiceRecorder/232493385305054/64f9fbc8dd062_169410452064f9fbc8e1bec.wav,Gintas_9
"Sep 7, 2023",https://eu.jotform.com/widget-uploads/voiceRecorder/232493385305054/64f9f9cfe6abd_169410401564f9f9cfec935.wav,https://eu.jotform.com/widget-uploads/voiceRecorder/232493385305054/64f9f9d5d5b28_169410402164f9f9d5db3d8.wav,https://eu.jotform.com/widget-uploads/voiceRecorder/232493385305054/64f9f9dac09d7_169410402664f9f9dac61b4.wav,https://eu.jotform.com/widget-uploads/voiceRecorder/232493385305054/64f9f9e0099dc_169410403264f9f9e00e81e.wav,https://eu.jotform.com/widget-uploads/voiceRecorder/232493385305054/64f9f9e53d50b_169410403764f9f9e542a92.wav,https://eu.jotform.com/widget-uploads/voiceRecorder/232493385305054/64f9f9e9f09a1_169410404164f9f9ea01bae.wav,https://eu.jotform.com/widget-uploads/voiceRecorder/232493385305054/64f9f9ef9233d_169410404764f9f9ef974ab.wav,https://eu.jotform.com/widget-uploads/voiceRecorder/232493385305054/64f9f9f77b3ce_169410405564f9f9f781412.wav,https://eu.jotform.com/widget-uploads/voiceRecorder/232493385305054/64f9f9fd1aa1c_169410406164f9f9fd1ff5a.wav,https://eu.jotform.com/widget-uploads/voiceRecorder/232493385305054/64f9fa0248ff8_169410406664f9fa024e7d2.wav,Gintas_10
"Sep 7, 2023",https://eu.jotform.com/widget-uploads/voiceRecorder/232493385305054/64f9ebf4b722c_169410046864f9ebf4bc2d9.wav,https://eu.jotform.com/widget-uploads/voiceRecorder/232493385305054/64f9ebf726973_169410047164f9ebf72bf7c.wav,https://eu.jotform.com/widget-uploads/voiceRecorder/232493385305054/64f9ebfa01a7e_169410047464f9ebfa06845.wav,https://eu.jotform.com/widget-uploads/voiceRecorder/232493385305054/64f9ebfcea53c_169410047664f9ebfcef5c3.wav,https://eu.jotform.com/widget-uploads/voiceRecorder/232493385305054/64f9ec000acf2_169410048064f9ec0010509.wav,https://eu.jotform.com/widget-uploads/voiceRecorder/232493385305054/64f9ec0359ba1_169410048364f9ec0360407.wav,https://eu.jotform.com/widget-uploads/voiceRecorder/232493385305054/64f9ec0659c14_169410048664f9ec065f51b.wav,https://eu.jotform.com/widget-uploads/voiceRecorder/232493385305054/64f9ec09abb95_169410048964f9ec09b0846.wav,https://eu.jotform.com/widget-uploads/voiceRecorder/232493385305054/64f9ec0cee90a_169410049264f9ec0cf34ea.wav,https://eu.jotform.com/widget-uploads/voiceRecorder/232493385305054/64f9ec110d443_169410049764f9ec111245e.wav,Vilius_3
"Sep 7, 2023",https://eu.jotform.com/widget-uploads/voiceRecorder/232493385305054/64f9ebbf26d5b_169410041564f9ebbf2c3db.wav,https://eu.jotform.com/widget-uploads/voiceRecorder/232493385305054/64f9ebc32f728_169410041964f9ebc334b18.wav,https://eu.jotform.com/widget-uploads/voiceRecorder/232493385305054/64f9ebc821671_169410042464f9ebc826603.wav,https://eu.jotform.com/widget-uploads/voiceRecorder/232493385305054/64f9ebcb89f8b_169410042764f9ebcb8f9ca.wav,https://eu.jotform.com/widget-uploads/voiceRecorder/232493385305054/64f9ebcf8e44f_169410043164f9ebcf945b1.wav,https://eu.jotform.com/widget-uploads/voiceRecorder/232493385305054/64f9ebd36bd46_169410043564f9ebd371afe.wav,https://eu.jotform.com/widget-uploads/voiceRecorder/232493385305054/64f9ebd781726_169410043964f9ebd7878b0.wav,https://eu.jotform.com/widget-uploads/voiceRecorder/232493385305054/64f9ebdc67d3c_169410044464f9ebdc6e9ee.wav,https://eu.jotform.com/widget-uploads/voiceRecorder/232493385305054/64f9ebdf7d16d_169410044764f9ebdf82634.wav,https://eu.jotform.com/widget-uploads/voiceRecorder/232493385305054/64f9ebe41c4d3_169410045264f9ebe421f6a.wav,Vilius_2
"Sep 7, 2023",https://eu.jotform.com/widget-uploads/voiceRecorder/232493385305054/64f9eb7a0293d_169410034664f9eb7a08b6a.wav,https://eu.jotform.com/widget-uploads/voiceRecorder/232493385305054/64f9eb813cc06_169410035364f9eb8141c9b.wav,https://eu.jotform.com/widget-uploads/voiceRecorder/232493385305054/64f9eb85c208d_169410035764f9eb85c740a.wav,https://eu.jotform.com/widget-uploads/voiceRecorder/232493385305054/64f9eb8a0c483_169410036264f9eb8a117bd.wav,https://eu.jotform.com/widget-uploads/voiceRecorder/232493385305054/64f9eb8e459ca_169410036664f9eb8e4a687.wav,https://eu.jotform.com/widget-uploads/voiceRecorder/232493385305054/64f9eb92d6e7d_169410037064f9eb92dbb62.wav,https://eu.jotform.com/widget-uploads/voiceRecorder/232493385305054/64f9eb96a8697_169410037464f9eb96b0f5f.wav,https://eu.jotform.com/widget-uploads/voiceRecorder/232493385305054/64f9eb9b50c15_169410037964f9eb9b56390.wav,https://eu.jotform.com/widget-uploads/voiceRecorder/232493385305054/64f9eb9e93ff4_169410038264f9eb9e9920f.wav,https://eu.jotform.com/widget-uploads/voiceRecorder/232493385305054/64f9eba3b5a99_169410038764f9eba3bac2b.wav,Vilius_1
"Sep 7, 2023",https://eu.jotform.com/widget-uploads/voiceRecorder/232493385305054/64f9d213c1a84_169409384364f9d213c723b.wav,https://eu.jotform.com/widget-uploads/voiceRecorder/232493385305054/64f9d21ab1e68_169409385064f9d21ab7b59.wav,https://eu.jotform.com/widget-uploads/voiceRecorder/232493385305054/64f9d227e29fb_169409386364f9d227e8491.wav,https://eu.jotform.com/widget-uploads/voiceRecorder/232493385305054/64f9d22e4c9b2_169409387064f9d22e52754.wav,https://eu.jotform.com/widget-uploads/voiceRecorder/232493385305054/64f9d233dac3d_169409387564f9d233df754.wav,https://eu.jotform.com/widget-uploads/voiceRecorder/232493385305054/64f9d239979dc_169409388164f9d2399dfd7.wav,https://eu.jotform.com/widget-uploads/voiceRecorder/232493385305054/64f9d23ed26fd_169409388664f9d23ed76f5.wav,https://eu.jotform.com/widget-uploads/voiceRecorder/232493385305054/64f9d244bd6e1_169409389264f9d244c2855.wav,https://eu.jotform.com/widget-uploads/voiceRecorder/232493385305054/64f9d24a2c659_169409389864f9d24a313a0.wav,https://eu.jotform.com/widget-uploads/voiceRecorder/232493385305054/64f9d24eee099_169409390264f9d24f00c87.wav,Gintas_11
